"applicationid","agentid"
"48821","0000591523"
"48810","0000591523"
"00031179","0000016407"
"00031244","0000155726"
"00033325","0000098610"
"00033101","0000098610"
"35381","0000098610"
"34650","0000098610"
"00032518","0000098610"
"00032309","0000098610"
"00032596","0000098610"
"00032439","0000098610"
"00032919","0000098610"
"00032285","0000098610"
"00032070","0000098610"
"00032003","0000098610"
"00031796","0000098610"
"00031611","0000098610"
"00031502","0000098610"
"00032715","0000098610"
"41271","0000098610"
"00031309","0000098610"
"41415","0000098610"
"00030650","0000617126"
"00031250","0000617126"
"00030823","0000617126"
"00030817","0000617126"
"00031189","0000617126"
"00031247","0000657243"
"00031251","0000139405"
"00031155","0000139405"
"00031192","0000657243"
"00032764","0000015036"
"00031230","0000015036"
"00030757","0000015036"
"00030668","0000015036"
"00030657","0000015036"
"00031242","0000102824"
"00031160","0000015036"
"00030861","0000102824"
"00030754","0000102824"
"00031162","0000102824"
"41458","0000009863"
"00031127","0000009863"
"00030756","0000009863"
"00030794","0000135063"
"00030626","0000135063"
"00031126","0000135063"
"00030749","0000135063"
"00030848","0000591982"
"00031165","0000591982"
"00030748","0000712943"
"00031222","0000712943"
"00030681","0000591982"
"00030847","0000712943"
"00031209","0000712943"
"00030679","0000641289"
"00031178","0000641289"
"40554","0000636549"
"00031220","0000636549"
"39860","0000636549"
"39933","0000636549"
"39765","0000636549"
"00031161","0000636549"
"00030760","0000636549"
"40160","0000636549"
"36811","0000636549"
"40253","0000636549"
"40357","0000636549"
"36568","0000636549"
"36698","0000636549"
"36515","0000636549"
"40648","0000636549"
"36889","0000636549"
"00030680","0000489653"
"00031186","0000516895"
"00031263","0000489653"
"41964","0000000344"
"00031164","0000489653"
"00031233","0000005826"
"00030685","0000195560"
"00031257","0000195560"
"00030624","0000195560"
"00031173","0000195560"
"00030775","0000195560"
"40645","0000003891"
"00030643","0000195560"
"40045","0000003891"
"36828","0000003891"
"36804","0000014709"
"36630","0000003891"
"00031145","0000560498"
"00031228","0000560498"
"40130","0000560498"
"36714","0000560498"
"39848","0000560498"
"40675","0000560498"
"36932","0000560498"
"40278","0000560498"
"40664","0000653726"
"40734","0000653726"
"40370","0000653726"
"40448","0000653726"
"40038","0000653726"
"40285","0000653726"
"36919","0000653726"
"40230","0000653726"
"36597","0000653726"
"36786","0000653726"
"39974","0000195464"
"40476","0000195464"
"40542","0000195464"
"40337","0000195464"
"40668","0000195464"
"40144","0000195464"
"36734","0000195464"
"36818","0000195464"
"39837","0000195464"
"00030729","0000195464"
"36508","0000195464"
"00030751","0000195464"
"00030630","0000195464"
"00031188","0000195464"
"00030711","0000637425"
"00031204","0000637425"
"00030670","0000195464"
"00030662","0000637425"
"00030632","0000637425"
"00030620","0000637425"
"00030806","0000637425"
"00030856","0000637425"
"00031262","0000637425"
"00031125","0000637425"
"00031264","0000656809"
"00031180","0000059218"
"00030843","0000656809"
"00030801","0000656809"
"40571","0000581453"
"00031206","0000656809"
"40649","0000581453"
"40447","0000581453"
"40139","0000581453"
"39977","0000581453"
"39878","0000581453"
"40262","0000581453"
"36895","0000581453"
"00031157","0000624345"
"36830","0000581453"
"40756","0000624345"
"40134","0000624345"
"40478","0000624345"
"36504","0000624345"
"36803","0000624345"
"00031190","0000160267"
"00030789","0000160267"
"00030833","0000160267"
"00030822","0000485065"
"00030728","0000485065"
"00031227","0000485065"
"00031181","0000485065"
"00033507","0000610627"
"00031135","0000632488"
"00032485","0000610627"
"00032384","0000610627"
"00032484","0000610627"
"00033506","0000610627"
"40260","0000610627"
"40036","0000610627"
"39959","0000610627"
"40367","0000610627"
"36826","0000610627"
"36728","0000610627"
"40459","0000610627"
"40736","0000610627"
"36519","0000610627"
"36614","0000610627"
"40159","0000610627"
"39867","0000610627"
"00030689","0000610627"
"40642","0000610627"
"36927","0000531663"
"00030786","0000610627"
"00031130","0000610627"
"00030627","0000610627"
"00031219","0000610627"
"40556","0000531663"
"39845","0000531663"
"39966","0000531663"
"40075","0000531663"
"40272","0000531663"
"36797","0000531663"
"40740","0000531663"
"40372","0000531663"
"00031150","0000531663"
"00031258","0000531663"
"40638","0000531315"
"39858","0000531315"
"40143","0000531315"
"40744","0000531315"
"40347","0000531315"
"36898","0000531315"
"00030753","0000531315"
"00031122","0000531315"
"00031231","0000531315"
"00030832","0000531315"
"40757","0000618245"
"40651","0000618245"
"40562","0000618245"
"40449","0000618245"
"40149","0000618245"
"40362","0000618245"
"39945","0000618245"
"40058","0000618245"
"40269","0000618245"
"39769","0000618245"
"36709","0000618245"
"39875","0000618245"
"36615","0000618245"
"36793","0000618245"
"40158","0000188924"
"40519","0000188924"
"36522","0000618245"
"40530","0000188924"
"40334","0000188924"
"40441","0000188924"
"40665","0000188924"
"36897","0000188924"
"36498","0000188924"
"36557","0000188924"
"36721","0000188924"
"40737","0000596752"
"00031169","0000188924"
"40632","0000596752"
"40563","0000596752"
"40330","0000596752"
"40167","0000596752"
"40063","0000596752"
"40241","0000596752"
"36916","0000596752"
"36865","0000596752"
"36717","0000596752"
"36492","0000596752"
"40640","0000535956"
"40603","0000535956"
"36792","0000596752"
"40375","0000535956"
"39836","0000535956"
"40243","0000535956"
"40138","0000535956"
"40046","0000535956"
"36831","0000535956"
"36626","0000535956"
"40754","0000651735"
"36528","0000535956"
"39857","0000651735"
"40445","0000651735"
"36798","0000651735"
"36537","0000651735"
"40344","0000651735"
"40244","0000651735"
"36701","0000651735"
"00031249","0000651735"
"00030718","0000651735"
"00031154","0000651735"
"00031278","0000626786"
"00031124","0000626786"
"00031142","0000643479"
"00031246","0000002767"
"00031132","0000002767"
"00030719","0000002767"
"00030790","0000002767"
"00030702","0000072616"
"00030633","0000072616"
"00031193","0000072616"
"00030784","0000661322"
"00030826","0000072616"
"00030710","0000661322"
"00031275","0000661322"
"00030776","0000658348"
"00031198","0000661322"
"00031260","0000658348"
"00030675","0000658348"
"00030700","0000658348"
"00030642","0000658348"
"00030647","0000658348"
"00031212","0000658348"
"00031235","0000550124"
"00030828","0000658348"
"00030809","0000658348"
"00031208","0000550124"
"00030799","0000550124"
"00030676","0000550124"
"00030683","0000550124"
"00031282","0000631481"
"00031211","0000631481"
"00031146","0000631481"
"00031213","0000016764"
"00030692","0000016764"
"00030684","0000631481"
"00030648","0000016764"
